Participant_ID,Reaction_Time,Color
1,0.5539393424987793,"(135, 123, 50)"
1,0.31398797035217285,"(135, 174, 101)"
1,0.5046160221099854,"(135, 123, 50)"
1,0.47130799293518066,"(161, 200, 127)"
1,26.272501945495605,"(110, 123, 76)"
