Participant_ID,Age,Sports_Experience,Reaction_Time,Color
12,12,yes,0.5770459175109863,"(161, 123, 50)"
12,12,yes,0.3496372699737549,"(110, 123, 50)"
12,12,yes,0.2646150588989258,"(135, 174, 101)"
12,12,yes,0.4234635829925537,"(110, 123, 50)"
12,12,yes,0.34143710136413574,"(135, 123, 50)"
