Participant_ID,Age,Sports_Experience,Reaction_Time,Color
 c	,c,c,0.8914527893066406,"(84, 200, 50)"
 c	,c,c,0.44484686851501465,"(84, 174, 50)"
 c	,c,c,0.3197152614593506,"(84, 200, 50)"
 c	,c,c,0.4960939884185791,"(84, 149, 50)"
 c	,c,c,0.49285101890563965,"(161, 123, 127)"
